<?xml version="1.0" encoding="UTF-8"?>
<project-private xmlns="http://www.netbeans.org/ns/project-private/1">
    <editor-bookmarks xmlns="http://www.netbeans.org/ns/editor-bookmarks/2" lastBookmarkId="0"/>
    <open-files xmlns="http://www.netbeans.org/ns/projectui-open-files/2">
        <group>
            <file>file:/D:/prj/blog/src/java/DAO/DBcontext.java</file>
            <file>file:/D:/prj/blog/web/PostSearch.jsp</file>
            <file>file:/D:/prj/blog/src/java/DAO/PostListDAO.java</file>
            <file>file:/D:/prj/blog/web/postDetail.jsp</file>
            <file>file:/D:/prj/blog/web/WEB-INF/web.xml</file>
            <file>file:/D:/prj/blog/src/java/controller/PostDetailController.java</file>
            <file>file:/D:/prj/blog/src/java/DAO/PostDetailDAO.java</file>
            <file>file:/D:/prj/blog/src/java/DAO/PostCategoryDAO.java</file>
        </group>
    </open-files>
</project-private>
